iter	MultiRMSE
0	40.33252338
1	39.89878758
